PIN,complete,date,calendar_time,timestamp,location,timezone,commit,version,item,response
'00001',y,07-08-2020,09:30:05,395,United States,America/New_York,5b501e4,K,1. Gender,Female
'00001',y,07-08-2020,09:30:05,492,United States,America/New_York,5b501e4,K,2a. Age (years),55
'00001',y,07-08-2020,NA,NA,United States,America/New_York,5b501e4,K,2b. Age (months),NA
'00001',y,07-08-2020,09:30:05,624,United States,America/New_York,5b501e4,K,3a. Height (cm),165
'00001',y,07-08-2020,NA,NA,United States,America/New_York,5b501e4,K,3b. Height (feet),NA
'00001',y,07-08-2020,NA,NA,United States,America/New_York,5b501e4,K,3c. Height (inches),NA
'00001',y,07-08-2020,09:30:05,756,United States,America/New_York,5b501e4,K,4a Weight(kg),124
'00001',y,07-08-2020,NA,NA,United States,America/New_York,5b501e4,K,4b Weight (lbs),NA
'00001',y,07-08-2020,09:30:06,1268,United States,America/New_York,5b501e4,K,5. Education level,Primary
'00001',y,07-08-2020,09:30:06,1375,United States,America/New_York,5b501e4,K,6. Marital status,Married
'00001',y,07-08-2020,09:30:06,1553,United States,America/New_York,5b501e4,K,7. Employment status,Employed (full-time)
'00001',y,07-08-2020,09:30:06,1614,United States,America/New_York,5b501e4,K,8. Gross annual household income (US dollars),"< $15,000"
'00002',y,07-08-2020,09:30:05,243,India,Asia/Kolkata,5b501e4,A,1. Gender,Female
'00002',y,07-08-2020,09:30:05,437,India,Asia/Kolkata,5b501e4,A,2a. Age (years),49
'00002',y,07-08-2020,NA,NA,India,Asia/Kolkata,5b501e4,A,2b. Age (months),NA
'00002',y,07-08-2020,09:30:06,783,India,Asia/Kolkata,5b501e4,A,3a. Height (cm),190
'00002',y,07-08-2020,NA,NA,India,Asia/Kolkata,5b501e4,A,3b. Height (feet),NA
'00002',y,07-08-2020,NA,NA,India,Asia/Kolkata,5b501e4,A,3c. Height (inches),NA
'00002',y,07-08-2020,09:30:06,962,India,Asia/Kolkata,5b501e4,A,4a Weight(kg),141
'00002',y,07-08-2020,NA,NA,India,Asia/Kolkata,5b501e4,A,4b Weight (lbs),NA
'00002',y,07-08-2020,09:30:06,1440,India,Asia/Kolkata,5b501e4,A,5. Education level,Primary
'00002',y,07-08-2020,09:30:07,1537,India,Asia/Kolkata,5b501e4,A,6. Marital status,Married
'00002',y,07-08-2020,09:30:07,1669,India,Asia/Kolkata,5b501e4,A,7. Employment status,Employed (full-time)
'00002',y,07-08-2020,09:30:07,1795,India,Asia/Kolkata,5b501e4,A,8. Gross annual household income (US dollars),"< $15,000"
'00003',y,07-08-2020,09:30:06,738,United States,America/New_York,5b501e4,L,1. Gender,Male
'00003',y,07-08-2020,09:30:06,949,United States,America/New_York,5b501e4,L,2a. Age (years),83
'00003',y,07-08-2020,NA,NA,United States,America/New_York,5b501e4,L,2b. Age (months),NA
'00003',y,07-08-2020,09:30:07,1139,United States,America/New_York,5b501e4,L,3a. Height (cm),202
'00003',y,07-08-2020,NA,NA,United States,America/New_York,5b501e4,L,3b. Height (feet),NA
'00003',y,07-08-2020,NA,NA,United States,America/New_York,5b501e4,L,3c. Height (inches),NA
'00003',y,07-08-2020,09:30:07,1382,United States,America/New_York,5b501e4,L,4a Weight(kg),198
'00003',y,07-08-2020,NA,NA,United States,America/New_York,5b501e4,L,4b Weight (lbs),NA
'00003',y,07-08-2020,09:30:07,1751,United States,America/New_York,5b501e4,L,5. Education level,Primary
'00003',y,07-08-2020,09:30:07,1872,United States,America/New_York,5b501e4,L,6. Marital status,Married
'00003',y,07-08-2020,09:30:07,1985,United States,America/New_York,5b501e4,L,7. Employment status,Employed (full-time)
'00003',y,07-08-2020,09:30:08,2100,United States,America/New_York,5b501e4,L,8. Gross annual household income (US dollars),"< $15,000"
'00004',y,07-08-2020,09:30:04,163,Philippines,Asia/Manila,5b501e4,D,1. Gender,Male
'00004',y,07-08-2020,09:30:04,182,Philippines,Asia/Manila,5b501e4,D,2a. Age (years),98
'00004',y,07-08-2020,NA,NA,Philippines,Asia/Manila,5b501e4,D,2b. Age (months),NA
'00004',y,07-08-2020,09:30:04,203,Philippines,Asia/Manila,5b501e4,D,3a. Height (cm),152
'00004',y,07-08-2020,NA,NA,Philippines,Asia/Manila,5b501e4,D,3b. Height (feet),NA
'00004',y,07-08-2020,NA,NA,Philippines,Asia/Manila,5b501e4,D,3c. Height (inches),NA
'00004',y,07-08-2020,09:30:04,283,Philippines,Asia/Manila,5b501e4,D,4a Weight(kg),171
'00004',y,07-08-2020,NA,NA,Philippines,Asia/Manila,5b501e4,D,4b Weight (lbs),NA
'00004',y,07-08-2020,09:30:04,400,Philippines,Asia/Manila,5b501e4,D,5. Education level,Primary
'00004',y,07-08-2020,09:30:05,570,Philippines,Asia/Manila,5b501e4,D,6. Marital status,Married
'00004',y,07-08-2020,09:30:05,681,Philippines,Asia/Manila,5b501e4,D,7. Employment status,Employed (full-time)
'00004',y,07-08-2020,09:30:05,759,Philippines,Asia/Manila,5b501e4,D,8. Gross annual household income (US dollars),"< $15,000"
'00005',y,07-08-2020,09:30:05,398,United States,America/New_York,5b501e4,F,1. Gender,Female
'00005',y,07-08-2020,09:30:05,521,United States,America/New_York,5b501e4,F,2a. Age (years),32
'00005',y,07-08-2020,NA,NA,United States,America/New_York,5b501e4,F,2b. Age (months),NA
'00005',y,07-08-2020,09:30:05,602,United States,America/New_York,5b501e4,F,3a. Height (cm),233
'00005',y,07-08-2020,NA,NA,United States,America/New_York,5b501e4,F,3b. Height (feet),NA
'00005',y,07-08-2020,NA,NA,United States,America/New_York,5b501e4,F,3c. Height (inches),NA
'00005',y,07-08-2020,09:30:06,812,United States,America/New_York,5b501e4,F,4a Weight(kg),66
'00005',y,07-08-2020,NA,NA,United States,America/New_York,5b501e4,F,4b Weight (lbs),NA
'00005',y,07-08-2020,09:30:06,1266,United States,America/New_York,5b501e4,F,5. Education level,Primary
'00005',y,07-08-2020,09:30:06,1338,United States,America/New_York,5b501e4,F,6. Marital status,Married
'00005',y,07-08-2020,09:30:06,1493,United States,America/New_York,5b501e4,F,7. Employment status,Employed (full-time)
'00005',y,07-08-2020,09:30:06,1569,United States,America/New_York,5b501e4,F,8. Gross annual household income (US dollars),"< $15,000"
'00006',y,07-08-2020,09:30:05,343,Philippines,Asia/Manila,5b501e4,L,1. Gender,Female
'00006',y,07-08-2020,09:30:05,465,Philippines,Asia/Manila,5b501e4,L,2a. Age (years),23
'00006',y,07-08-2020,NA,NA,Philippines,Asia/Manila,5b501e4,L,2b. Age (months),NA
'00006',y,07-08-2020,09:30:05,542,Philippines,Asia/Manila,5b501e4,L,3a. Height (cm),178
'00006',y,07-08-2020,NA,NA,Philippines,Asia/Manila,5b501e4,L,3b. Height (feet),NA
'00006',y,07-08-2020,NA,NA,Philippines,Asia/Manila,5b501e4,L,3c. Height (inches),NA
'00006',y,07-08-2020,09:30:06,795,Philippines,Asia/Manila,5b501e4,L,4a Weight(kg),169
'00006',y,07-08-2020,NA,NA,Philippines,Asia/Manila,5b501e4,L,4b Weight (lbs),NA
'00006',y,07-08-2020,09:30:06,1193,Philippines,Asia/Manila,5b501e4,L,5. Education level,Primary
'00006',y,07-08-2020,09:30:06,1303,Philippines,Asia/Manila,5b501e4,L,6. Marital status,Married
'00006',y,07-08-2020,09:30:06,1455,Philippines,Asia/Manila,5b501e4,L,7. Employment status,Employed (full-time)
'00006',y,07-08-2020,09:30:07,1613,Philippines,Asia/Manila,5b501e4,L,8. Gross annual household income (US dollars),"< $15,000"
'00007',y,07-08-2020,09:30:01,631,United States,America/New_York,5b501e4,A,1. Gender,Male
'00007',y,07-08-2020,09:30:01,957,United States,America/New_York,5b501e4,A,2a. Age (years),90
'00007',y,07-08-2020,NA,NA,United States,America/New_York,5b501e4,A,2b. Age (months),NA
'00007',y,07-08-2020,09:30:01,1153,United States,America/New_York,5b501e4,A,3a. Height (cm),180
'00007',y,07-08-2020,NA,NA,United States,America/New_York,5b501e4,A,3b. Height (feet),NA
'00007',y,07-08-2020,NA,NA,United States,America/New_York,5b501e4,A,3c. Height (inches),NA
'00007',y,07-08-2020,09:30:01,1415,United States,America/New_York,5b501e4,A,4a Weight(kg),182
'00007',y,07-08-2020,NA,NA,United States,America/New_York,5b501e4,A,4b Weight (lbs),NA
'00007',y,07-08-2020,09:30:02,1760,United States,America/New_York,5b501e4,A,5. Education level,Primary
'00007',y,07-08-2020,09:30:02,1819,United States,America/New_York,5b501e4,A,6. Marital status,Married
'00007',y,07-08-2020,09:30:02,1873,United States,America/New_York,5b501e4,A,7. Employment status,Employed (full-time)
'00007',y,07-08-2020,09:30:02,1932,United States,America/New_York,5b501e4,A,8. Gross annual household income (US dollars),"< $15,000"
'00008',y,07-08-2020,09:30:00,698,United Kingdom,Europe/London,5b501e4,A,1. Gender,Male
'00008',y,07-08-2020,09:30:01,1100,United Kingdom,Europe/London,5b501e4,A,2a. Age (years),23
'00008',y,07-08-2020,NA,NA,United Kingdom,Europe/London,5b501e4,A,2b. Age (months),NA
'00008',y,07-08-2020,09:30:01,1182,United Kingdom,Europe/London,5b501e4,A,3a. Height (cm),235
'00008',y,07-08-2020,NA,NA,United Kingdom,Europe/London,5b501e4,A,3b. Height (feet),NA
'00008',y,07-08-2020,NA,NA,United Kingdom,Europe/London,5b501e4,A,3c. Height (inches),NA
'00008',y,07-08-2020,09:30:01,1487,United Kingdom,Europe/London,5b501e4,A,4a Weight(kg),43
'00008',y,07-08-2020,NA,NA,United Kingdom,Europe/London,5b501e4,A,4b Weight (lbs),NA
'00008',y,07-08-2020,09:30:02,1772,United Kingdom,Europe/London,5b501e4,A,5. Education level,Primary
'00008',y,07-08-2020,09:30:02,1817,United Kingdom,Europe/London,5b501e4,A,6. Marital status,Married
'00008',y,07-08-2020,09:30:02,1874,United Kingdom,Europe/London,5b501e4,A,7. Employment status,Employed (full-time)
'00008',y,07-08-2020,09:30:02,1913,United Kingdom,Europe/London,5b501e4,A,8. Gross annual household income (US dollars),"< $15,000"
'00009',y,07-08-2020,09:30:06,775,India,Asia/Kolkata,5b501e4,D,1. Gender,Female
'00009',y,07-08-2020,09:30:06,939,India,Asia/Kolkata,5b501e4,D,2a. Age (years),37
'00009',y,07-08-2020,NA,NA,India,Asia/Kolkata,5b501e4,D,2b. Age (months),NA
'00009',y,07-08-2020,09:30:06,1144,India,Asia/Kolkata,5b501e4,D,3a. Height (cm),163
'00009',y,07-08-2020,NA,NA,India,Asia/Kolkata,5b501e4,D,3b. Height (feet),NA
'00009',y,07-08-2020,NA,NA,India,Asia/Kolkata,5b501e4,D,3c. Height (inches),NA
'00009',y,07-08-2020,09:30:06,1398,India,Asia/Kolkata,5b501e4,D,4a Weight(kg),53
'00009',y,07-08-2020,NA,NA,India,Asia/Kolkata,5b501e4,D,4b Weight (lbs),NA
'00009',y,07-08-2020,09:30:07,1729,India,Asia/Kolkata,5b501e4,D,5. Education level,Primary
'00009',y,07-08-2020,09:30:07,1810,India,Asia/Kolkata,5b501e4,D,6. Marital status,Married
'00009',y,07-08-2020,09:30:07,1917,India,Asia/Kolkata,5b501e4,D,7. Employment status,Employed (full-time)
'00009',y,07-08-2020,09:30:07,2054,India,Asia/Kolkata,5b501e4,D,8. Gross annual household income (US dollars),"< $15,000"
'00010',y,07-08-2020,09:30:06,787,local,local,5b501e4,D,1. Gender,Male
'00010',y,07-08-2020,09:30:06,995,local,local,5b501e4,D,2a. Age (years),98
'00010',y,07-08-2020,NA,NA,local,local,5b501e4,D,2b. Age (months),NA
'00010',y,07-08-2020,09:30:07,1186,local,local,5b501e4,D,3a. Height (cm),164
'00010',y,07-08-2020,NA,NA,local,local,5b501e4,D,3b. Height (feet),NA
'00010',y,07-08-2020,NA,NA,local,local,5b501e4,D,3c. Height (inches),NA
'00010',y,07-08-2020,09:30:07,1443,local,local,5b501e4,D,4a Weight(kg),144
'00010',y,07-08-2020,NA,NA,local,local,5b501e4,D,4b Weight (lbs),NA
'00010',y,07-08-2020,09:30:07,1802,local,local,5b501e4,D,5. Education level,Primary
'00010',y,07-08-2020,09:30:07,1852,local,local,5b501e4,D,6. Marital status,Married
'00010',y,07-08-2020,09:30:07,1948,local,local,5b501e4,D,7. Employment status,Employed (full-time)
'00010',y,07-08-2020,09:30:07,2036,local,local,5b501e4,D,8. Gross annual household income (US dollars),"< $15,000"
'00011',y,07-08-2020,09:30:00,590,United States,America/New_York,5b501e4,F,1. Gender,Female
'00011',y,07-08-2020,09:30:00,929,United States,America/New_York,5b501e4,F,2a. Age (years),24
'00011',y,07-08-2020,NA,NA,United States,America/New_York,5b501e4,F,2b. Age (months),NA
'00011',y,07-08-2020,09:30:00,1072,United States,America/New_York,5b501e4,F,3a. Height (cm),164
'00011',y,07-08-2020,NA,NA,United States,America/New_York,5b501e4,F,3b. Height (feet),NA
'00011',y,07-08-2020,NA,NA,United States,America/New_York,5b501e4,F,3c. Height (inches),NA
'00011',y,07-08-2020,09:30:01,1494,United States,America/New_York,5b501e4,F,4a Weight(kg),110
'00011',y,07-08-2020,NA,NA,United States,America/New_York,5b501e4,F,4b Weight (lbs),NA
'00011',y,07-08-2020,09:30:01,1878,United States,America/New_York,5b501e4,F,5. Education level,Primary
'00011',y,07-08-2020,09:30:01,2029,United States,America/New_York,5b501e4,F,6. Marital status,Married
'00011',y,07-08-2020,09:30:01,2091,United States,America/New_York,5b501e4,F,7. Employment status,Employed (full-time)
'00011',y,07-08-2020,09:30:02,2156,United States,America/New_York,5b501e4,F,8. Gross annual household income (US dollars),"< $15,000"
'00012',y,07-08-2020,09:30:02,950,Philippines,Asia/Manila,5b501e4,E,1. Gender,Male
'00012',y,07-08-2020,09:30:03,1040,Philippines,Asia/Manila,5b501e4,E,2a. Age (years),93
'00012',y,07-08-2020,NA,NA,Philippines,Asia/Manila,5b501e4,E,2b. Age (months),NA
'00012',y,07-08-2020,09:30:03,1151,Philippines,Asia/Manila,5b501e4,E,3a. Height (cm),140
'00012',y,07-08-2020,NA,NA,Philippines,Asia/Manila,5b501e4,E,3b. Height (feet),NA
'00012',y,07-08-2020,NA,NA,Philippines,Asia/Manila,5b501e4,E,3c. Height (inches),NA
'00012',y,07-08-2020,09:30:03,1285,Philippines,Asia/Manila,5b501e4,E,4a Weight(kg),52
'00012',y,07-08-2020,NA,NA,Philippines,Asia/Manila,5b501e4,E,4b Weight (lbs),NA
'00012',y,07-08-2020,09:30:03,1380,Philippines,Asia/Manila,5b501e4,E,5. Education level,Primary
'00012',y,07-08-2020,09:30:03,1400,Philippines,Asia/Manila,5b501e4,E,6. Marital status,Married
'00012',y,07-08-2020,09:30:03,1420,Philippines,Asia/Manila,5b501e4,E,7. Employment status,Employed (full-time)
'00012',y,07-08-2020,09:30:03,1457,Philippines,Asia/Manila,5b501e4,E,8. Gross annual household income (US dollars),"< $15,000"
'00013',y,07-08-2020,09:30:06,691,India,Asia/Kolkata,5b501e4,C,1. Gender,Male
'00013',y,07-08-2020,09:30:06,883,India,Asia/Kolkata,5b501e4,C,2a. Age (years),93
'00013',y,07-08-2020,NA,NA,India,Asia/Kolkata,5b501e4,C,2b. Age (months),NA
'00013',y,07-08-2020,09:30:06,1093,India,Asia/Kolkata,5b501e4,C,3a. Height (cm),156
'00013',y,07-08-2020,NA,NA,India,Asia/Kolkata,5b501e4,C,3b. Height (feet),NA
'00013',y,07-08-2020,NA,NA,India,Asia/Kolkata,5b501e4,C,3c. Height (inches),NA
'00013',y,07-08-2020,09:30:07,1375,India,Asia/Kolkata,5b501e4,C,4a Weight(kg),67
'00013',y,07-08-2020,NA,NA,India,Asia/Kolkata,5b501e4,C,4b Weight (lbs),NA
'00013',y,07-08-2020,09:30:07,1724,India,Asia/Kolkata,5b501e4,C,5. Education level,Primary
'00013',y,07-08-2020,09:30:07,1783,India,Asia/Kolkata,5b501e4,C,6. Marital status,Married
'00013',y,07-08-2020,09:30:07,1849,India,Asia/Kolkata,5b501e4,C,7. Employment status,Employed (full-time)
'00013',y,07-08-2020,09:30:07,1976,India,Asia/Kolkata,5b501e4,C,8. Gross annual household income (US dollars),"< $15,000"
'00014',y,07-08-2020,09:30:06,782,India,Asia/Kolkata,5b501e4,J,1. Gender,Female
'00014',y,07-08-2020,09:30:06,969,India,Asia/Kolkata,5b501e4,J,2a. Age (years),38
'00014',y,07-08-2020,NA,NA,India,Asia/Kolkata,5b501e4,J,2b. Age (months),NA
'00014',y,07-08-2020,09:30:07,1144,India,Asia/Kolkata,5b501e4,J,3a. Height (cm),146
'00014',y,07-08-2020,NA,NA,India,Asia/Kolkata,5b501e4,J,3b. Height (feet),NA
'00014',y,07-08-2020,NA,NA,India,Asia/Kolkata,5b501e4,J,3c. Height (inches),NA
'00014',y,07-08-2020,09:30:07,1415,India,Asia/Kolkata,5b501e4,J,4a Weight(kg),92
'00014',y,07-08-2020,NA,NA,India,Asia/Kolkata,5b501e4,J,4b Weight (lbs),NA
'00014',y,07-08-2020,09:30:07,1725,India,Asia/Kolkata,5b501e4,J,5. Education level,Primary
'00014',y,07-08-2020,09:30:07,1796,India,Asia/Kolkata,5b501e4,J,6. Marital status,Married
'00014',y,07-08-2020,09:30:07,1867,India,Asia/Kolkata,5b501e4,J,7. Employment status,Employed (full-time)
'00014',y,07-08-2020,09:30:07,1993,India,Asia/Kolkata,5b501e4,J,8. Gross annual household income (US dollars),"< $15,000"
'00015',y,07-08-2020,09:30:01,649,United States,America/New_York,5b501e4,F,1. Gender,Female
'00015',y,07-08-2020,09:30:01,978,United States,America/New_York,5b501e4,F,2a. Age (years),91
'00015',y,07-08-2020,NA,NA,United States,America/New_York,5b501e4,F,2b. Age (months),NA
'00015',y,07-08-2020,09:30:01,1205,United States,America/New_York,5b501e4,F,3a. Height (cm),188
'00015',y,07-08-2020,NA,NA,United States,America/New_York,5b501e4,F,3b. Height (feet),NA
'00015',y,07-08-2020,NA,NA,United States,America/New_York,5b501e4,F,3c. Height (inches),NA
'00015',y,07-08-2020,09:30:01,1565,United States,America/New_York,5b501e4,F,4a Weight(kg),112
'00015',y,07-08-2020,NA,NA,United States,America/New_York,5b501e4,F,4b Weight (lbs),NA
'00015',y,07-08-2020,09:30:02,1831,United States,America/New_York,5b501e4,F,5. Education level,Primary
'00015',y,07-08-2020,09:30:02,1883,United States,America/New_York,5b501e4,F,6. Marital status,Married
'00015',y,07-08-2020,09:30:02,1934,United States,America/New_York,5b501e4,F,7. Employment status,Employed (full-time)
'00015',y,07-08-2020,09:30:02,1971,United States,America/New_York,5b501e4,F,8. Gross annual household income (US dollars),"< $15,000"
'00016',y,07-08-2020,09:30:04,190,United Kingdom,Europe/London,5b501e4,E,1. Gender,Female
'00016',y,07-08-2020,09:30:04,216,United Kingdom,Europe/London,5b501e4,E,2a. Age (years),89
'00016',y,07-08-2020,NA,NA,United Kingdom,Europe/London,5b501e4,E,2b. Age (months),NA
'00016',y,07-08-2020,09:30:04,270,United Kingdom,Europe/London,5b501e4,E,3a. Height (cm),154
'00016',y,07-08-2020,NA,NA,United Kingdom,Europe/London,5b501e4,E,3b. Height (feet),NA
'00016',y,07-08-2020,NA,NA,United Kingdom,Europe/London,5b501e4,E,3c. Height (inches),NA
'00016',y,07-08-2020,09:30:04,334,United Kingdom,Europe/London,5b501e4,E,4a Weight(kg),103
'00016',y,07-08-2020,NA,NA,United Kingdom,Europe/London,5b501e4,E,4b Weight (lbs),NA
'00016',y,07-08-2020,09:30:04,438,United Kingdom,Europe/London,5b501e4,E,5. Education level,Primary
'00016',y,07-08-2020,09:30:04,480,United Kingdom,Europe/London,5b501e4,E,6. Marital status,Married
'00016',y,07-08-2020,09:30:04,518,United Kingdom,Europe/London,5b501e4,E,7. Employment status,Employed (full-time)
'00016',y,07-08-2020,09:30:04,552,United Kingdom,Europe/London,5b501e4,E,8. Gross annual household income (US dollars),"< $15,000"
'00017',y,07-08-2020,09:30:06,716,India,Asia/Kolkata,5b501e4,A,1. Gender,Female
'00017',y,07-08-2020,09:30:06,897,India,Asia/Kolkata,5b501e4,A,2a. Age (years),64
'00017',y,07-08-2020,NA,NA,India,Asia/Kolkata,5b501e4,A,2b. Age (months),NA
'00017',y,07-08-2020,09:30:07,1121,India,Asia/Kolkata,5b501e4,A,3a. Height (cm),176
'00017',y,07-08-2020,NA,NA,India,Asia/Kolkata,5b501e4,A,3b. Height (feet),NA
'00017',y,07-08-2020,NA,NA,India,Asia/Kolkata,5b501e4,A,3c. Height (inches),NA
'00017',y,07-08-2020,09:30:07,1386,India,Asia/Kolkata,5b501e4,A,4a Weight(kg),168
'00017',y,07-08-2020,NA,NA,India,Asia/Kolkata,5b501e4,A,4b Weight (lbs),NA
'00017',y,07-08-2020,09:30:07,1739,India,Asia/Kolkata,5b501e4,A,5. Education level,Primary
'00017',y,07-08-2020,09:30:07,1800,India,Asia/Kolkata,5b501e4,A,6. Marital status,Married
'00017',y,07-08-2020,09:30:07,1898,India,Asia/Kolkata,5b501e4,A,7. Employment status,Employed (full-time)
'00017',y,07-08-2020,09:30:07,2037,India,Asia/Kolkata,5b501e4,A,8. Gross annual household income (US dollars),"< $15,000"
'00018',y,07-08-2020,09:30:05,330,local,local,5b501e4,D,1. Gender,Male
'00018',y,07-08-2020,09:30:05,431,local,local,5b501e4,D,2a. Age (years),21
'00018',y,07-08-2020,NA,NA,local,local,5b501e4,D,2b. Age (months),NA
'00018',y,07-08-2020,09:30:05,481,local,local,5b501e4,D,3a. Height (cm),245
'00018',y,07-08-2020,NA,NA,local,local,5b501e4,D,3b. Height (feet),NA
'00018',y,07-08-2020,NA,NA,local,local,5b501e4,D,3c. Height (inches),NA
'00018',y,07-08-2020,09:30:05,612,local,local,5b501e4,D,4a Weight(kg),133
'00018',y,07-08-2020,NA,NA,local,local,5b501e4,D,4b Weight (lbs),NA
'00018',y,07-08-2020,09:30:06,1102,local,local,5b501e4,D,5. Education level,Primary
'00018',y,07-08-2020,09:30:06,1201,local,local,5b501e4,D,6. Marital status,Married
'00018',y,07-08-2020,09:30:06,1366,local,local,5b501e4,D,7. Employment status,Employed (full-time)
'00018',y,07-08-2020,09:30:06,1457,local,local,5b501e4,D,8. Gross annual household income (US dollars),"< $15,000"
'00019',y,07-08-2020,09:30:06,749,India,Asia/Kolkata,5b501e4,K,1. Gender,Female
'00019',y,07-08-2020,09:30:06,963,India,Asia/Kolkata,5b501e4,K,2a. Age (years),22
'00019',y,07-08-2020,NA,NA,India,Asia/Kolkata,5b501e4,K,2b. Age (months),NA
'00019',y,07-08-2020,09:30:06,1180,India,Asia/Kolkata,5b501e4,K,3a. Height (cm),147
'00019',y,07-08-2020,NA,NA,India,Asia/Kolkata,5b501e4,K,3b. Height (feet),NA
'00019',y,07-08-2020,NA,NA,India,Asia/Kolkata,5b501e4,K,3c. Height (inches),NA
'00019',y,07-08-2020,09:30:07,1465,India,Asia/Kolkata,5b501e4,K,4a Weight(kg),78
'00019',y,07-08-2020,NA,NA,India,Asia/Kolkata,5b501e4,K,4b Weight (lbs),NA
'00019',y,07-08-2020,09:30:07,1759,India,Asia/Kolkata,5b501e4,K,5. Education level,Primary
'00019',y,07-08-2020,09:30:07,1876,India,Asia/Kolkata,5b501e4,K,6. Marital status,Married
'00019',y,07-08-2020,09:30:07,1992,India,Asia/Kolkata,5b501e4,K,7. Employment status,Employed (full-time)
'00019',y,07-08-2020,09:30:07,2085,India,Asia/Kolkata,5b501e4,K,8. Gross annual household income (US dollars),"< $15,000"
'00020',y,07-08-2020,09:30:02,183,United States,America/New_York,5b501e4,B,1. Gender,Female
'00020',y,07-08-2020,09:30:02,237,United States,America/New_York,5b501e4,B,2a. Age (years),21
'00020',y,07-08-2020,NA,NA,United States,America/New_York,5b501e4,B,2b. Age (months),NA
'00020',y,07-08-2020,09:30:03,362,United States,America/New_York,5b501e4,B,3a. Height (cm),143
'00020',y,07-08-2020,NA,NA,United States,America/New_York,5b501e4,B,3b. Height (feet),NA
'00020',y,07-08-2020,NA,NA,United States,America/New_York,5b501e4,B,3c. Height (inches),NA
'00020',y,07-08-2020,09:30:03,418,United States,America/New_York,5b501e4,B,4a Weight(kg),74
'00020',y,07-08-2020,NA,NA,United States,America/New_York,5b501e4,B,4b Weight (lbs),NA
'00020',y,07-08-2020,09:30:03,479,United States,America/New_York,5b501e4,B,5. Education level,Primary
'00020',y,07-08-2020,09:30:03,512,United States,America/New_York,5b501e4,B,6. Marital status,Married
'00020',y,07-08-2020,09:30:03,526,United States,America/New_York,5b501e4,B,7. Employment status,Employed (full-time)
'00020',y,07-08-2020,09:30:03,544,United States,America/New_York,5b501e4,B,8. Gross annual household income (US dollars),"< $15,000"
'00021',y,07-08-2020,09:30:06,759,local,local,5b501e4,E,1. Gender,Female
'00021',y,07-08-2020,09:30:06,902,local,local,5b501e4,E,2a. Age (years),37
'00021',y,07-08-2020,NA,NA,local,local,5b501e4,E,2b. Age (months),NA
'00021',y,07-08-2020,09:30:07,1114,local,local,5b501e4,E,3a. Height (cm),248
'00021',y,07-08-2020,NA,NA,local,local,5b501e4,E,3b. Height (feet),NA
'00021',y,07-08-2020,NA,NA,local,local,5b501e4,E,3c. Height (inches),NA
'00021',y,07-08-2020,09:30:07,1373,local,local,5b501e4,E,4a Weight(kg),177
'00021',y,07-08-2020,NA,NA,local,local,5b501e4,E,4b Weight (lbs),NA
'00021',y,07-08-2020,09:30:07,1748,local,local,5b501e4,E,5. Education level,Primary
'00021',y,07-08-2020,09:30:07,1816,local,local,5b501e4,E,6. Marital status,Married
'00021',y,07-08-2020,09:30:07,1918,local,local,5b501e4,E,7. Employment status,Employed (full-time)
'00021',y,07-08-2020,09:30:07,2027,local,local,5b501e4,E,8. Gross annual household income (US dollars),"< $15,000"
'00022',y,07-08-2020,09:30:05,349,India,Asia/Kolkata,5b501e4,L,1. Gender,Female
'00022',y,07-08-2020,09:30:05,434,India,Asia/Kolkata,5b501e4,L,2a. Age (years),29
'00022',y,07-08-2020,NA,NA,India,Asia/Kolkata,5b501e4,L,2b. Age (months),NA
'00022',y,07-08-2020,09:30:05,505,India,Asia/Kolkata,5b501e4,L,3a. Height (cm),151
'00022',y,07-08-2020,NA,NA,India,Asia/Kolkata,5b501e4,L,3b. Height (feet),NA
'00022',y,07-08-2020,NA,NA,India,Asia/Kolkata,5b501e4,L,3c. Height (inches),NA
'00022',y,07-08-2020,09:30:06,698,India,Asia/Kolkata,5b501e4,L,4a Weight(kg),90
'00022',y,07-08-2020,NA,NA,India,Asia/Kolkata,5b501e4,L,4b Weight (lbs),NA
'00022',y,07-08-2020,09:30:06,1152,India,Asia/Kolkata,5b501e4,L,5. Education level,Primary
'00022',y,07-08-2020,09:30:06,1223,India,Asia/Kolkata,5b501e4,L,6. Marital status,Married
'00022',y,07-08-2020,09:30:06,1329,India,Asia/Kolkata,5b501e4,L,7. Employment status,Employed (full-time)
'00022',y,07-08-2020,09:30:06,1462,India,Asia/Kolkata,5b501e4,L,8. Gross annual household income (US dollars),"< $15,000"
'00023',y,07-08-2020,09:30:06,769,India,Asia/Kolkata,5b501e4,C,1. Gender,Female
'00023',y,07-08-2020,09:30:06,1019,India,Asia/Kolkata,5b501e4,C,2a. Age (years),66
'00023',y,07-08-2020,NA,NA,India,Asia/Kolkata,5b501e4,C,2b. Age (months),NA
'00023',y,07-08-2020,09:30:06,1184,India,Asia/Kolkata,5b501e4,C,3a. Height (cm),221
'00023',y,07-08-2020,NA,NA,India,Asia/Kolkata,5b501e4,C,3b. Height (feet),NA
'00023',y,07-08-2020,NA,NA,India,Asia/Kolkata,5b501e4,C,3c. Height (inches),NA
'00023',y,07-08-2020,09:30:07,1582,India,Asia/Kolkata,5b501e4,C,4a Weight(kg),133
'00023',y,07-08-2020,NA,NA,India,Asia/Kolkata,5b501e4,C,4b Weight (lbs),NA
'00023',y,07-08-2020,09:30:07,1979,India,Asia/Kolkata,5b501e4,C,5. Education level,Primary
'00023',y,07-08-2020,09:30:07,2103,India,Asia/Kolkata,5b501e4,C,6. Marital status,Married
'00023',y,07-08-2020,09:30:07,2235,India,Asia/Kolkata,5b501e4,C,7. Employment status,Employed (full-time)
'00023',y,07-08-2020,09:30:08,2284,India,Asia/Kolkata,5b501e4,C,8. Gross annual household income (US dollars),"< $15,000"
'00024',y,07-08-2020,09:30:03,47,Philippines,Asia/Manila,5b501e4,E,1. Gender,Female
'00024',y,07-08-2020,09:30:03,64,Philippines,Asia/Manila,5b501e4,E,2a. Age (years),68
'00024',y,07-08-2020,NA,NA,Philippines,Asia/Manila,5b501e4,E,2b. Age (months),NA
'00024',y,07-08-2020,09:30:03,82,Philippines,Asia/Manila,5b501e4,E,3a. Height (cm),171
'00024',y,07-08-2020,NA,NA,Philippines,Asia/Manila,5b501e4,E,3b. Height (feet),NA
'00024',y,07-08-2020,NA,NA,Philippines,Asia/Manila,5b501e4,E,3c. Height (inches),NA
'00024',y,07-08-2020,09:30:03,99,Philippines,Asia/Manila,5b501e4,E,4a Weight(kg),95
'00024',y,07-08-2020,NA,NA,Philippines,Asia/Manila,5b501e4,E,4b Weight (lbs),NA
'00024',y,07-08-2020,09:30:03,131,Philippines,Asia/Manila,5b501e4,E,5. Education level,Primary
'00024',y,07-08-2020,09:30:03,149,Philippines,Asia/Manila,5b501e4,E,6. Marital status,Married
'00024',y,07-08-2020,09:30:03,170,Philippines,Asia/Manila,5b501e4,E,7. Employment status,Employed (full-time)
'00024',y,07-08-2020,09:30:03,182,Philippines,Asia/Manila,5b501e4,E,8. Gross annual household income (US dollars),"< $15,000"
'00025',y,07-08-2020,09:30:00,454,United States,America/New_York,5b501e4,D,1. Gender,Female
'00025',y,07-08-2020,09:30:00,858,United States,America/New_York,5b501e4,D,2a. Age (years),54
'00025',y,07-08-2020,NA,NA,United States,America/New_York,5b501e4,D,2b. Age (months),NA
'00025',y,07-08-2020,09:30:00,1032,United States,America/New_York,5b501e4,D,3a. Height (cm),210
'00025',y,07-08-2020,NA,NA,United States,America/New_York,5b501e4,D,3b. Height (feet),NA
'00025',y,07-08-2020,NA,NA,United States,America/New_York,5b501e4,D,3c. Height (inches),NA
'00025',y,07-08-2020,09:30:01,1556,United States,America/New_York,5b501e4,D,4a Weight(kg),135
'00025',y,07-08-2020,NA,NA,United States,America/New_York,5b501e4,D,4b Weight (lbs),NA
'00025',y,07-08-2020,09:30:01,1981,United States,America/New_York,5b501e4,D,5. Education level,Primary
'00025',y,07-08-2020,09:30:01,2044,United States,America/New_York,5b501e4,D,6. Marital status,Married
'00025',y,07-08-2020,09:30:01,2102,United States,America/New_York,5b501e4,D,7. Employment status,Employed (full-time)
'00025',y,07-08-2020,09:30:01,2157,United States,America/New_York,5b501e4,D,8. Gross annual household income (US dollars),"< $15,000"
'00026',y,07-08-2020,09:30:04,157,India,Asia/Kolkata,5b501e4,K,1. Gender,Female
'00026',y,07-08-2020,09:30:04,224,India,Asia/Kolkata,5b501e4,K,2a. Age (years),64
'00026',y,07-08-2020,NA,NA,India,Asia/Kolkata,5b501e4,K,2b. Age (months),NA
'00026',y,07-08-2020,09:30:04,263,India,Asia/Kolkata,5b501e4,K,3a. Height (cm),224
'00026',y,07-08-2020,NA,NA,India,Asia/Kolkata,5b501e4,K,3b. Height (feet),NA
'00026',y,07-08-2020,NA,NA,India,Asia/Kolkata,5b501e4,K,3c. Height (inches),NA
'00026',y,07-08-2020,09:30:04,370,India,Asia/Kolkata,5b501e4,K,4a Weight(kg),196
'00026',y,07-08-2020,NA,NA,India,Asia/Kolkata,5b501e4,K,4b Weight (lbs),NA
'00026',y,07-08-2020,09:30:05,628,India,Asia/Kolkata,5b501e4,K,5. Education level,Primary
'00026',y,07-08-2020,09:30:05,780,India,Asia/Kolkata,5b501e4,K,6. Marital status,Married
'00026',y,07-08-2020,09:30:05,855,India,Asia/Kolkata,5b501e4,K,7. Employment status,Employed (full-time)
'00026',y,07-08-2020,09:30:05,906,India,Asia/Kolkata,5b501e4,K,8. Gross annual household income (US dollars),"< $15,000"
'00027',y,07-08-2020,09:30:00,395,United States,America/Phoenix,5b501e4,H,1. Gender,Female
'00027',y,07-08-2020,09:30:00,621,United States,America/Phoenix,5b501e4,H,2a. Age (years),61
'00027',y,07-08-2020,NA,NA,United States,America/Phoenix,5b501e4,H,2b. Age (months),NA
'00027',y,07-08-2020,09:30:00,782,United States,America/Phoenix,5b501e4,H,3a. Height (cm),192
'00027',y,07-08-2020,NA,NA,United States,America/Phoenix,5b501e4,H,3b. Height (feet),NA
'00027',y,07-08-2020,NA,NA,United States,America/Phoenix,5b501e4,H,3c. Height (inches),NA
'00027',y,07-08-2020,09:30:00,1118,United States,America/Phoenix,5b501e4,H,4a Weight(kg),97
'00027',y,07-08-2020,NA,NA,United States,America/Phoenix,5b501e4,H,4b Weight (lbs),NA
'00027',y,07-08-2020,09:30:01,1450,United States,America/Phoenix,5b501e4,H,5. Education level,Primary
'00027',y,07-08-2020,09:30:01,1541,United States,America/Phoenix,5b501e4,H,6. Marital status,Married
'00027',y,07-08-2020,09:30:01,1713,United States,America/Phoenix,5b501e4,H,7. Employment status,Employed (full-time)
'00027',y,07-08-2020,09:30:01,1921,United States,America/Phoenix,5b501e4,H,8. Gross annual household income (US dollars),"< $15,000"
'00028',y,07-08-2020,09:30:05,302,United States,America/New_York,5b501e4,C,1. Gender,Female
'00028',y,07-08-2020,09:30:05,367,United States,America/New_York,5b501e4,C,2a. Age (years),24
'00028',y,07-08-2020,NA,NA,United States,America/New_York,5b501e4,C,2b. Age (months),NA
'00028',y,07-08-2020,09:30:06,684,United States,America/New_York,5b501e4,C,3a. Height (cm),154
'00028',y,07-08-2020,NA,NA,United States,America/New_York,5b501e4,C,3b. Height (feet),NA
'00028',y,07-08-2020,NA,NA,United States,America/New_York,5b501e4,C,3c. Height (inches),NA
'00028',y,07-08-2020,09:30:06,997,United States,America/New_York,5b501e4,C,4a Weight(kg),152
'00028',y,07-08-2020,NA,NA,United States,America/New_York,5b501e4,C,4b Weight (lbs),NA
'00028',y,07-08-2020,09:30:06,1413,United States,America/New_York,5b501e4,C,5. Education level,Primary
'00028',y,07-08-2020,09:30:06,1565,United States,America/New_York,5b501e4,C,6. Marital status,Married
'00028',y,07-08-2020,09:30:07,1685,United States,America/New_York,5b501e4,C,7. Employment status,Employed (full-time)
'00028',y,07-08-2020,09:30:07,1812,United States,America/New_York,5b501e4,C,8. Gross annual household income (US dollars),"< $15,000"
'00029',y,07-08-2020,09:30:00,462,local,local,5b501e4,G,1. Gender,Female
'00029',y,07-08-2020,09:30:00,592,local,local,5b501e4,G,2a. Age (years),45
'00029',y,07-08-2020,NA,NA,local,local,5b501e4,G,2b. Age (months),NA
'00029',y,07-08-2020,09:30:00,968,local,local,5b501e4,G,3a. Height (cm),152
'00029',y,07-08-2020,NA,NA,local,local,5b501e4,G,3b. Height (feet),NA
'00029',y,07-08-2020,NA,NA,local,local,5b501e4,G,3c. Height (inches),NA
'00029',y,07-08-2020,09:30:01,1321,local,local,5b501e4,G,4a Weight(kg),189
'00029',y,07-08-2020,NA,NA,local,local,5b501e4,G,4b Weight (lbs),NA
'00029',y,07-08-2020,09:30:01,1755,local,local,5b501e4,G,5. Education level,Primary
'00029',y,07-08-2020,09:30:01,1878,local,local,5b501e4,G,6. Marital status,Married
'00029',y,07-08-2020,09:30:01,2022,local,local,5b501e4,G,7. Employment status,Employed (full-time)
'00029',y,07-08-2020,09:30:01,2073,local,local,5b501e4,G,8. Gross annual household income (US dollars),"< $15,000"
'00030',y,07-08-2020,09:30:05,390,United States,America/New_York,5b501e4,D,1. Gender,Male
'00030',y,07-08-2020,09:30:05,477,United States,America/New_York,5b501e4,D,2a. Age (years),99
'00030',y,07-08-2020,NA,NA,United States,America/New_York,5b501e4,D,2b. Age (months),NA
'00030',y,07-08-2020,09:30:05,567,United States,America/New_York,5b501e4,D,3a. Height (cm),216
'00030',y,07-08-2020,NA,NA,United States,America/New_York,5b501e4,D,3b. Height (feet),NA
'00030',y,07-08-2020,NA,NA,United States,America/New_York,5b501e4,D,3c. Height (inches),NA
'00030',y,07-08-2020,09:30:05,690,United States,America/New_York,5b501e4,D,4a Weight(kg),170
'00030',y,07-08-2020,NA,NA,United States,America/New_York,5b501e4,D,4b Weight (lbs),NA
'00030',y,07-08-2020,09:30:06,1190,United States,America/New_York,5b501e4,D,5. Education level,Primary
'00030',y,07-08-2020,09:30:06,1298,United States,America/New_York,5b501e4,D,6. Marital status,Married
'00030',y,07-08-2020,09:30:06,1373,United States,America/New_York,5b501e4,D,7. Employment status,Employed (full-time)
'00030',y,07-08-2020,09:30:06,1469,United States,America/New_York,5b501e4,D,8. Gross annual household income (US dollars),"< $15,000"
'00031',y,07-08-2020,09:30:06,695,United States,America/Phoenix,5b501e4,D,1. Gender,Male
'00031',y,07-08-2020,09:30:06,895,United States,America/Phoenix,5b501e4,D,2a. Age (years),93
'00031',y,07-08-2020,NA,NA,United States,America/Phoenix,5b501e4,D,2b. Age (months),NA
'00031',y,07-08-2020,09:30:06,1096,United States,America/Phoenix,5b501e4,D,3a. Height (cm),215
'00031',y,07-08-2020,NA,NA,United States,America/Phoenix,5b501e4,D,3b. Height (feet),NA
'00031',y,07-08-2020,NA,NA,United States,America/Phoenix,5b501e4,D,3c. Height (inches),NA
'00031',y,07-08-2020,09:30:07,1406,United States,America/Phoenix,5b501e4,D,4a Weight(kg),199
'00031',y,07-08-2020,NA,NA,United States,America/Phoenix,5b501e4,D,4b Weight (lbs),NA
'00031',y,07-08-2020,09:30:07,1758,United States,America/Phoenix,5b501e4,D,5. Education level,Primary
'00031',y,07-08-2020,09:30:07,1832,United States,America/Phoenix,5b501e4,D,6. Marital status,Married
'00031',y,07-08-2020,09:30:07,1920,United States,America/Phoenix,5b501e4,D,7. Employment status,Employed (full-time)
'00031',y,07-08-2020,09:30:07,2040,United States,America/Phoenix,5b501e4,D,8. Gross annual household income (US dollars),"< $15,000"
'00032',y,07-08-2020,09:30:06,787,India,Asia/Kolkata,5b501e4,B,1. Gender,Male
'00032',y,07-08-2020,09:30:06,965,India,Asia/Kolkata,5b501e4,B,2a. Age (years),92
'00032',y,07-08-2020,NA,NA,India,Asia/Kolkata,5b501e4,B,2b. Age (months),NA
'00032',y,07-08-2020,09:30:06,1146,India,Asia/Kolkata,5b501e4,B,3a. Height (cm),158
'00032',y,07-08-2020,NA,NA,India,Asia/Kolkata,5b501e4,B,3b. Height (feet),NA
'00032',y,07-08-2020,NA,NA,India,Asia/Kolkata,5b501e4,B,3c. Height (inches),NA
'00032',y,07-08-2020,09:30:07,1439,India,Asia/Kolkata,5b501e4,B,4a Weight(kg),151
'00032',y,07-08-2020,NA,NA,India,Asia/Kolkata,5b501e4,B,4b Weight (lbs),NA
'00032',y,07-08-2020,09:30:07,1803,India,Asia/Kolkata,5b501e4,B,5. Education level,Primary
'00032',y,07-08-2020,09:30:07,1913,India,Asia/Kolkata,5b501e4,B,6. Marital status,Married
'00032',y,07-08-2020,09:30:07,2018,India,Asia/Kolkata,5b501e4,B,7. Employment status,Employed (full-time)
'00032',y,07-08-2020,09:30:07,2171,India,Asia/Kolkata,5b501e4,B,8. Gross annual household income (US dollars),"< $15,000"
'00033',y,07-08-2020,09:30:03,44,United States,America/Phoenix,5b501e4,F,1. Gender,Female
'00033',y,07-08-2020,09:30:03,63,United States,America/Phoenix,5b501e4,F,2a. Age (years),23
'00033',y,07-08-2020,NA,NA,United States,America/Phoenix,5b501e4,F,2b. Age (months),NA
'00033',y,07-08-2020,09:30:03,96,United States,America/Phoenix,5b501e4,F,3a. Height (cm),147
'00033',y,07-08-2020,NA,NA,United States,America/Phoenix,5b501e4,F,3b. Height (feet),NA
'00033',y,07-08-2020,NA,NA,United States,America/Phoenix,5b501e4,F,3c. Height (inches),NA
'00033',y,07-08-2020,09:30:03,130,United States,America/Phoenix,5b501e4,F,4a Weight(kg),41
'00033',y,07-08-2020,NA,NA,United States,America/Phoenix,5b501e4,F,4b Weight (lbs),NA
'00033',y,07-08-2020,09:30:03,163,United States,America/Phoenix,5b501e4,F,5. Education level,Primary
'00033',y,07-08-2020,09:30:03,196,United States,America/Phoenix,5b501e4,F,6. Marital status,Married
'00033',y,07-08-2020,09:30:03,230,United States,America/Phoenix,5b501e4,F,7. Employment status,Employed (full-time)
'00033',y,07-08-2020,09:30:03,246,United States,America/Phoenix,5b501e4,F,8. Gross annual household income (US dollars),"< $15,000"
'00034',y,07-08-2020,09:30:04,131,United States,America/New_York,5b501e4,B,1. Gender,Male
'00034',y,07-08-2020,09:30:04,199,United States,America/New_York,5b501e4,B,2a. Age (years),77
'00034',y,07-08-2020,NA,NA,United States,America/New_York,5b501e4,B,2b. Age (months),NA
'00034',y,07-08-2020,09:30:04,231,United States,America/New_York,5b501e4,B,3a. Height (cm),215
'00034',y,07-08-2020,NA,NA,United States,America/New_York,5b501e4,B,3b. Height (feet),NA
'00034',y,07-08-2020,NA,NA,United States,America/New_York,5b501e4,B,3c. Height (inches),NA
'00034',y,07-08-2020,09:30:04,271,United States,America/New_York,5b501e4,B,4a Weight(kg),118
'00034',y,07-08-2020,NA,NA,United States,America/New_York,5b501e4,B,4b Weight (lbs),NA
'00034',y,07-08-2020,09:30:04,429,United States,America/New_York,5b501e4,B,5. Education level,Primary
'00034',y,07-08-2020,09:30:05,468,United States,America/New_York,5b501e4,B,6. Marital status,Married
'00034',y,07-08-2020,09:30:05,643,United States,America/New_York,5b501e4,B,7. Employment status,Employed (full-time)
'00034',y,07-08-2020,09:30:05,729,United States,America/New_York,5b501e4,B,8. Gross annual household income (US dollars),"< $15,000"
'00035',y,07-08-2020,09:30:06,791,United Kingdom,Europe/London,5b501e4,J,1. Gender,Female
'00035',y,07-08-2020,09:30:06,1016,United Kingdom,Europe/London,5b501e4,J,2a. Age (years),41
'00035',y,07-08-2020,NA,NA,United Kingdom,Europe/London,5b501e4,J,2b. Age (months),NA
'00035',y,07-08-2020,09:30:07,1212,United Kingdom,Europe/London,5b501e4,J,3a. Height (cm),185
'00035',y,07-08-2020,NA,NA,United Kingdom,Europe/London,5b501e4,J,3b. Height (feet),NA
'00035',y,07-08-2020,NA,NA,United Kingdom,Europe/London,5b501e4,J,3c. Height (inches),NA
'00035',y,07-08-2020,09:30:07,1454,United Kingdom,Europe/London,5b501e4,J,4a Weight(kg),192
'00035',y,07-08-2020,NA,NA,United Kingdom,Europe/London,5b501e4,J,4b Weight (lbs),NA
'00035',y,07-08-2020,09:30:07,1750,United Kingdom,Europe/London,5b501e4,J,5. Education level,Primary
'00035',y,07-08-2020,09:30:07,1817,United Kingdom,Europe/London,5b501e4,J,6. Marital status,Married
'00035',y,07-08-2020,09:30:07,1918,United Kingdom,Europe/London,5b501e4,J,7. Employment status,Employed (full-time)
'00035',y,07-08-2020,09:30:07,2046,United Kingdom,Europe/London,5b501e4,J,8. Gross annual household income (US dollars),"< $15,000"
'00036',y,07-08-2020,09:30:03,987,United States,America/Phoenix,5b501e4,B,1. Gender,Female
'00036',y,07-08-2020,09:30:03,1062,United States,America/Phoenix,5b501e4,B,2a. Age (years),49
'00036',y,07-08-2020,NA,NA,United States,America/Phoenix,5b501e4,B,2b. Age (months),NA
'00036',y,07-08-2020,09:30:03,1154,United States,America/Phoenix,5b501e4,B,3a. Height (cm),193
'00036',y,07-08-2020,NA,NA,United States,America/Phoenix,5b501e4,B,3b. Height (feet),NA
'00036',y,07-08-2020,NA,NA,United States,America/Phoenix,5b501e4,B,3c. Height (inches),NA
'00036',y,07-08-2020,09:30:03,1298,United States,America/Phoenix,5b501e4,B,4a Weight(kg),41
'00036',y,07-08-2020,NA,NA,United States,America/Phoenix,5b501e4,B,4b Weight (lbs),NA
'00036',y,07-08-2020,09:30:03,1392,United States,America/Phoenix,5b501e4,B,5. Education level,Primary
'00036',y,07-08-2020,09:30:03,1417,United States,America/Phoenix,5b501e4,B,6. Marital status,Married
'00036',y,07-08-2020,09:30:03,1445,United States,America/Phoenix,5b501e4,B,7. Employment status,Employed (full-time)
'00036',y,07-08-2020,09:30:03,1455,United States,America/Phoenix,5b501e4,B,8. Gross annual household income (US dollars),"< $15,000"
'00037',y,07-08-2020,09:30:02,957,United States,America/New_York,5b501e4,G,1. Gender,Female
'00037',y,07-08-2020,09:30:03,1029,United States,America/New_York,5b501e4,G,2a. Age (years),46
'00037',y,07-08-2020,NA,NA,United States,America/New_York,5b501e4,G,2b. Age (months),NA
'00037',y,07-08-2020,09:30:03,1133,United States,America/New_York,5b501e4,G,3a. Height (cm),205
'00037',y,07-08-2020,NA,NA,United States,America/New_York,5b501e4,G,3b. Height (feet),NA
'00037',y,07-08-2020,NA,NA,United States,America/New_York,5b501e4,G,3c. Height (inches),NA
'00037',y,07-08-2020,09:30:03,1244,United States,America/New_York,5b501e4,G,4a Weight(kg),153
'00037',y,07-08-2020,NA,NA,United States,America/New_York,5b501e4,G,4b Weight (lbs),NA
'00037',y,07-08-2020,09:30:03,1368,United States,America/New_York,5b501e4,G,5. Education level,Primary
'00037',y,07-08-2020,09:30:03,1386,United States,America/New_York,5b501e4,G,6. Marital status,Married
'00037',y,07-08-2020,09:30:03,1408,United States,America/New_York,5b501e4,G,7. Employment status,Employed (full-time)
'00037',y,07-08-2020,09:30:03,1434,United States,America/New_York,5b501e4,G,8. Gross annual household income (US dollars),"< $15,000"
'00038',y,07-08-2020,09:30:05,320,United Kingdom,Europe/London,5b501e4,K,1. Gender,Male
'00038',y,07-08-2020,09:30:05,445,United Kingdom,Europe/London,5b501e4,K,2a. Age (years),70
'00038',y,07-08-2020,NA,NA,United Kingdom,Europe/London,5b501e4,K,2b. Age (months),NA
'00038',y,07-08-2020,09:30:05,557,United Kingdom,Europe/London,5b501e4,K,3a. Height (cm),194
'00038',y,07-08-2020,NA,NA,United Kingdom,Europe/London,5b501e4,K,3b. Height (feet),NA
'00038',y,07-08-2020,NA,NA,United Kingdom,Europe/London,5b501e4,K,3c. Height (inches),NA
'00038',y,07-08-2020,09:30:05,673,United Kingdom,Europe/London,5b501e4,K,4a Weight(kg),112
'00038',y,07-08-2020,NA,NA,United Kingdom,Europe/London,5b501e4,K,4b Weight (lbs),NA
'00038',y,07-08-2020,09:30:06,1027,United Kingdom,Europe/London,5b501e4,K,5. Education level,Primary
'00038',y,07-08-2020,09:30:06,1237,United Kingdom,Europe/London,5b501e4,K,6. Marital status,Married
'00038',y,07-08-2020,09:30:06,1354,United Kingdom,Europe/London,5b501e4,K,7. Employment status,Employed (full-time)
'00038',y,07-08-2020,09:30:06,1428,United Kingdom,Europe/London,5b501e4,K,8. Gross annual household income (US dollars),"< $15,000"
'00039',y,07-08-2020,09:30:06,484,India,Asia/Kolkata,5b501e4,G,1. Gender,Female
'00039',y,07-08-2020,09:30:06,665,India,Asia/Kolkata,5b501e4,G,2a. Age (years),39
'00039',y,07-08-2020,NA,NA,India,Asia/Kolkata,5b501e4,G,2b. Age (months),NA
'00039',y,07-08-2020,09:30:06,953,India,Asia/Kolkata,5b501e4,G,3a. Height (cm),245
'00039',y,07-08-2020,NA,NA,India,Asia/Kolkata,5b501e4,G,3b. Height (feet),NA
'00039',y,07-08-2020,NA,NA,India,Asia/Kolkata,5b501e4,G,3c. Height (inches),NA
'00039',y,07-08-2020,09:30:07,1215,India,Asia/Kolkata,5b501e4,G,4a Weight(kg),162
'00039',y,07-08-2020,NA,NA,India,Asia/Kolkata,5b501e4,G,4b Weight (lbs),NA
'00039',y,07-08-2020,09:30:07,1567,India,Asia/Kolkata,5b501e4,G,5. Education level,Primary
'00039',y,07-08-2020,09:30:07,1686,India,Asia/Kolkata,5b501e4,G,6. Marital status,Married
'00039',y,07-08-2020,09:30:07,1753,India,Asia/Kolkata,5b501e4,G,7. Employment status,Employed (full-time)
'00039',y,07-08-2020,09:30:07,1825,India,Asia/Kolkata,5b501e4,G,8. Gross annual household income (US dollars),"< $15,000"
'00040',y,07-08-2020,13:09:57,5091,United States,America/New_York,5b501e4,G,1. Gender,Male
'00040',y,07-08-2020,13:09:57,5763,United States,America/New_York,5b501e4,G,2a. Age (years),22
'00040',y,07-08-2020,NA,NA,United States,America/New_York,5b501e4,G,2b. Age (months),NA
'00040',y,07-08-2020,13:09:59,7211,United States,America/New_York,5b501e4,G,3a. Height (cm),123
'00040',y,07-08-2020,NA,NA,United States,America/New_York,5b501e4,G,3b. Height (feet),NA
'00040',y,07-08-2020,NA,NA,United States,America/New_York,5b501e4,G,3c. Height (inches),NA
'00040',y,07-08-2020,13:10:00,8595,United States,America/New_York,5b501e4,G,4a Weight(kg),123
'00040',y,07-08-2020,NA,NA,United States,America/New_York,5b501e4,G,4b Weight (lbs),NA
'00040',y,07-08-2020,13:10:02,10425,United States,America/New_York,5b501e4,G,5. Education level,Associate or vocational education
'00040',y,07-08-2020,13:10:03,11122,United States,America/New_York,5b501e4,G,6. Marital status,Divorced
'00040',y,07-08-2020,13:10:04,12219,United States,America/New_York,5b501e4,G,7. Employment status,Self-employed
'00040',y,07-08-2020,13:10:06,14866,United States,America/New_York,5b501e4,G,8. Gross annual household income (US dollars),"$15,000 - $24,999"
'00041',y,07-08-2020,09:30:02,926,United Kingdom,Europe/London,5b501e4,G,1. Gender,Female
'00041',y,07-08-2020,09:30:02,1163,United Kingdom,Europe/London,5b501e4,G,2a. Age (years),37
'00041',y,07-08-2020,NA,NA,United Kingdom,Europe/London,5b501e4,G,2b. Age (months),NA
'00041',y,07-08-2020,09:30:02,1320,United Kingdom,Europe/London,5b501e4,G,3a. Height (cm),193
'00041',y,07-08-2020,NA,NA,United Kingdom,Europe/London,5b501e4,G,3b. Height (feet),NA
'00041',y,07-08-2020,NA,NA,United Kingdom,Europe/London,5b501e4,G,3c. Height (inches),NA
'00041',y,07-08-2020,09:30:02,1584,United Kingdom,Europe/London,5b501e4,G,4a Weight(kg),64
'00041',y,07-08-2020,NA,NA,United Kingdom,Europe/London,5b501e4,G,4b Weight (lbs),NA
'00041',y,07-08-2020,09:30:02,1716,United Kingdom,Europe/London,5b501e4,G,5. Education level,Primary
'00041',y,07-08-2020,09:30:03,1764,United Kingdom,Europe/London,5b501e4,G,6. Marital status,Married
'00041',y,07-08-2020,09:30:03,1799,United Kingdom,Europe/London,5b501e4,G,7. Employment status,Employed (full-time)
'00041',y,07-08-2020,09:30:03,1830,United Kingdom,Europe/London,5b501e4,G,8. Gross annual household income (US dollars),"< $15,000"
'00042',y,07-08-2020,09:30:05,291,India,Asia/Kolkata,5b501e4,F,1. Gender,Male
'00042',y,07-08-2020,09:30:05,330,India,Asia/Kolkata,5b501e4,F,2a. Age (years),55
'00042',y,07-08-2020,NA,NA,India,Asia/Kolkata,5b501e4,F,2b. Age (months),NA
'00042',y,07-08-2020,09:30:06,443,India,Asia/Kolkata,5b501e4,F,3a. Height (cm),214
'00042',y,07-08-2020,NA,NA,India,Asia/Kolkata,5b501e4,F,3b. Height (feet),NA
'00042',y,07-08-2020,NA,NA,India,Asia/Kolkata,5b501e4,F,3c. Height (inches),NA
'00042',y,07-08-2020,09:30:06,916,India,Asia/Kolkata,5b501e4,F,4a Weight(kg),153
'00042',y,07-08-2020,NA,NA,India,Asia/Kolkata,5b501e4,F,4b Weight (lbs),NA
'00042',y,07-08-2020,09:30:06,1331,India,Asia/Kolkata,5b501e4,F,5. Education level,Primary
'00042',y,07-08-2020,09:30:07,1496,India,Asia/Kolkata,5b501e4,F,6. Marital status,Married
'00042',y,07-08-2020,09:30:07,1616,India,Asia/Kolkata,5b501e4,F,7. Employment status,Employed (full-time)
'00042',y,07-08-2020,09:30:07,1752,India,Asia/Kolkata,5b501e4,F,8. Gross annual household income (US dollars),"< $15,000"
'00043',y,07-08-2020,09:30:06,528,United States,America/New_York,5b501e4,F,1. Gender,Female
'00043',y,07-08-2020,09:30:06,767,United States,America/New_York,5b501e4,F,2a. Age (years),51
'00043',y,07-08-2020,NA,NA,United States,America/New_York,5b501e4,F,2b. Age (months),NA
'00043',y,07-08-2020,09:30:06,956,United States,America/New_York,5b501e4,F,3a. Height (cm),163
'00043',y,07-08-2020,NA,NA,United States,America/New_York,5b501e4,F,3b. Height (feet),NA
'00043',y,07-08-2020,NA,NA,United States,America/New_York,5b501e4,F,3c. Height (inches),NA
'00043',y,07-08-2020,09:30:06,1336,United States,America/New_York,5b501e4,F,4a Weight(kg),131
'00043',y,07-08-2020,NA,NA,United States,America/New_York,5b501e4,F,4b Weight (lbs),NA
'00043',y,07-08-2020,09:30:07,1678,United States,America/New_York,5b501e4,F,5. Education level,Primary
'00043',y,07-08-2020,09:30:07,1824,United States,America/New_York,5b501e4,F,6. Marital status,Married
'00043',y,07-08-2020,09:30:07,1969,United States,America/New_York,5b501e4,F,7. Employment status,Employed (full-time)
'00043',y,07-08-2020,09:30:07,2039,United States,America/New_York,5b501e4,F,8. Gross annual household income (US dollars),"< $15,000"
'00044',y,07-08-2020,09:30:05,320,India,Asia/Kolkata,5b501e4,I,1. Gender,Female
'00044',y,07-08-2020,09:30:05,398,India,Asia/Kolkata,5b501e4,I,2a. Age (years),82
'00044',y,07-08-2020,NA,NA,India,Asia/Kolkata,5b501e4,I,2b. Age (months),NA
'00044',y,07-08-2020,09:30:05,468,India,Asia/Kolkata,5b501e4,I,3a. Height (cm),159
'00044',y,07-08-2020,NA,NA,India,Asia/Kolkata,5b501e4,I,3b. Height (feet),NA
'00044',y,07-08-2020,NA,NA,India,Asia/Kolkata,5b501e4,I,3c. Height (inches),NA
'00044',y,07-08-2020,09:30:06,790,India,Asia/Kolkata,5b501e4,I,4a Weight(kg),157
'00044',y,07-08-2020,NA,NA,India,Asia/Kolkata,5b501e4,I,4b Weight (lbs),NA
'00044',y,07-08-2020,09:30:06,1153,India,Asia/Kolkata,5b501e4,I,5. Education level,Primary
'00044',y,07-08-2020,09:30:06,1311,India,Asia/Kolkata,5b501e4,I,6. Marital status,Married
'00044',y,07-08-2020,09:30:06,1397,India,Asia/Kolkata,5b501e4,I,7. Employment status,Employed (full-time)
'00044',y,07-08-2020,09:30:06,1488,India,Asia/Kolkata,5b501e4,I,8. Gross annual household income (US dollars),"< $15,000"
'00045',y,07-08-2020,09:30:00,642,India,Asia/Kolkata,5b501e4,G,1. Gender,Male
'00045',y,07-08-2020,09:30:01,1087,India,Asia/Kolkata,5b501e4,G,2a. Age (years),56
'00045',y,07-08-2020,NA,NA,India,Asia/Kolkata,5b501e4,G,2b. Age (months),NA
'00045',y,07-08-2020,09:30:01,1200,India,Asia/Kolkata,5b501e4,G,3a. Height (cm),153
'00045',y,07-08-2020,NA,NA,India,Asia/Kolkata,5b501e4,G,3b. Height (feet),NA
'00045',y,07-08-2020,NA,NA,India,Asia/Kolkata,5b501e4,G,3c. Height (inches),NA
'00045',y,07-08-2020,09:30:01,1498,India,Asia/Kolkata,5b501e4,G,4a Weight(kg),161
'00045',y,07-08-2020,NA,NA,India,Asia/Kolkata,5b501e4,G,4b Weight (lbs),NA
'00045',y,07-08-2020,09:30:02,1837,India,Asia/Kolkata,5b501e4,G,5. Education level,Primary
'00045',y,07-08-2020,09:30:02,1878,India,Asia/Kolkata,5b501e4,G,6. Marital status,Married
'00045',y,07-08-2020,09:30:02,1924,India,Asia/Kolkata,5b501e4,G,7. Employment status,Employed (full-time)
'00045',y,07-08-2020,09:30:02,1968,India,Asia/Kolkata,5b501e4,G,8. Gross annual household income (US dollars),"< $15,000"
'00046',y,07-08-2020,09:30:06,722,United States,America/New_York,5b501e4,K,1. Gender,Male
'00046',y,07-08-2020,09:30:06,951,United States,America/New_York,5b501e4,K,2a. Age (years),70
'00046',y,07-08-2020,NA,NA,United States,America/New_York,5b501e4,K,2b. Age (months),NA
'00046',y,07-08-2020,09:30:07,1144,United States,America/New_York,5b501e4,K,3a. Height (cm),220
'00046',y,07-08-2020,NA,NA,United States,America/New_York,5b501e4,K,3b. Height (feet),NA
'00046',y,07-08-2020,NA,NA,United States,America/New_York,5b501e4,K,3c. Height (inches),NA
'00046',y,07-08-2020,09:30:07,1406,United States,America/New_York,5b501e4,K,4a Weight(kg),145
'00046',y,07-08-2020,NA,NA,United States,America/New_York,5b501e4,K,4b Weight (lbs),NA
'00046',y,07-08-2020,09:30:07,1753,United States,America/New_York,5b501e4,K,5. Education level,Primary
'00046',y,07-08-2020,09:30:07,1809,United States,America/New_York,5b501e4,K,6. Marital status,Married
'00046',y,07-08-2020,09:30:07,1903,United States,America/New_York,5b501e4,K,7. Employment status,Employed (full-time)
'00046',y,07-08-2020,09:30:07,2014,United States,America/New_York,5b501e4,K,8. Gross annual household income (US dollars),"< $15,000"
'00047',y,07-08-2020,09:30:04,247,United States,America/New_York,5b501e4,G,1. Gender,Male
'00047',y,07-08-2020,09:30:04,283,United States,America/New_York,5b501e4,G,2a. Age (years),37
'00047',y,07-08-2020,NA,NA,United States,America/New_York,5b501e4,G,2b. Age (months),NA
'00047',y,07-08-2020,09:30:04,323,United States,America/New_York,5b501e4,G,3a. Height (cm),153
'00047',y,07-08-2020,NA,NA,United States,America/New_York,5b501e4,G,3b. Height (feet),NA
'00047',y,07-08-2020,NA,NA,United States,America/New_York,5b501e4,G,3c. Height (inches),NA
'00047',y,07-08-2020,09:30:04,354,United States,America/New_York,5b501e4,G,4a Weight(kg),108
'00047',y,07-08-2020,NA,NA,United States,America/New_York,5b501e4,G,4b Weight (lbs),NA
'00047',y,07-08-2020,09:30:04,403,United States,America/New_York,5b501e4,G,5. Education level,Primary
'00047',y,07-08-2020,09:30:04,434,United States,America/New_York,5b501e4,G,6. Marital status,Married
'00047',y,07-08-2020,09:30:04,469,United States,America/New_York,5b501e4,G,7. Employment status,Employed (full-time)
'00047',y,07-08-2020,09:30:04,525,United States,America/New_York,5b501e4,G,8. Gross annual household income (US dollars),"< $15,000"
'00048',y,07-08-2020,09:30:01,968,United States,America/New_York,5b501e4,F,1. Gender,Male
'00048',y,07-08-2020,09:30:02,1265,United States,America/New_York,5b501e4,F,2a. Age (years),25
'00048',y,07-08-2020,NA,NA,United States,America/New_York,5b501e4,F,2b. Age (months),NA
'00048',y,07-08-2020,09:30:02,1459,United States,America/New_York,5b501e4,F,3a. Height (cm),191
'00048',y,07-08-2020,NA,NA,United States,America/New_York,5b501e4,F,3b. Height (feet),NA
'00048',y,07-08-2020,NA,NA,United States,America/New_York,5b501e4,F,3c. Height (inches),NA
'00048',y,07-08-2020,09:30:02,1623,United States,America/New_York,5b501e4,F,4a Weight(kg),81
'00048',y,07-08-2020,NA,NA,United States,America/New_York,5b501e4,F,4b Weight (lbs),NA
'00048',y,07-08-2020,09:30:02,1795,United States,America/New_York,5b501e4,F,5. Education level,Primary
'00048',y,07-08-2020,09:30:02,1818,United States,America/New_York,5b501e4,F,6. Marital status,Married
'00048',y,07-08-2020,09:30:02,1845,United States,America/New_York,5b501e4,F,7. Employment status,Employed (full-time)
'00048',y,07-08-2020,09:30:02,1873,United States,America/New_York,5b501e4,F,8. Gross annual household income (US dollars),"< $15,000"
'00049',y,07-08-2020,09:30:06,659,United States,America/Phoenix,5b501e4,G,1. Gender,Female
'00049',y,07-08-2020,09:30:06,890,United States,America/Phoenix,5b501e4,G,2a. Age (years),57
'00049',y,07-08-2020,NA,NA,United States,America/Phoenix,5b501e4,G,2b. Age (months),NA
'00049',y,07-08-2020,09:30:06,1082,United States,America/Phoenix,5b501e4,G,3a. Height (cm),243
'00049',y,07-08-2020,NA,NA,United States,America/Phoenix,5b501e4,G,3b. Height (feet),NA
'00049',y,07-08-2020,NA,NA,United States,America/Phoenix,5b501e4,G,3c. Height (inches),NA
'00049',y,07-08-2020,09:30:07,1354,United States,America/Phoenix,5b501e4,G,4a Weight(kg),143
'00049',y,07-08-2020,NA,NA,United States,America/Phoenix,5b501e4,G,4b Weight (lbs),NA
'00049',y,07-08-2020,09:30:07,1697,United States,America/Phoenix,5b501e4,G,5. Education level,Primary
'00049',y,07-08-2020,09:30:07,1768,United States,America/Phoenix,5b501e4,G,6. Marital status,Married
'00049',y,07-08-2020,09:30:07,1900,United States,America/Phoenix,5b501e4,G,7. Employment status,Employed (full-time)
'00049',y,07-08-2020,09:30:07,2005,United States,America/Phoenix,5b501e4,G,8. Gross annual household income (US dollars),"< $15,000"
'00050',y,07-08-2020,09:30:05,273,India,Asia/Kolkata,5b501e4,K,1. Gender,Male
'00050',y,07-08-2020,09:30:05,330,India,Asia/Kolkata,5b501e4,K,2a. Age (years),77
'00050',y,07-08-2020,NA,NA,India,Asia/Kolkata,5b501e4,K,2b. Age (months),NA
'00050',y,07-08-2020,09:30:06,470,India,Asia/Kolkata,5b501e4,K,3a. Height (cm),173
'00050',y,07-08-2020,NA,NA,India,Asia/Kolkata,5b501e4,K,3b. Height (feet),NA
'00050',y,07-08-2020,NA,NA,India,Asia/Kolkata,5b501e4,K,3c. Height (inches),NA
'00050',y,07-08-2020,09:30:06,873,India,Asia/Kolkata,5b501e4,K,4a Weight(kg),116
'00050',y,07-08-2020,NA,NA,India,Asia/Kolkata,5b501e4,K,4b Weight (lbs),NA
'00050',y,07-08-2020,09:30:06,1249,India,Asia/Kolkata,5b501e4,K,5. Education level,Primary
'00050',y,07-08-2020,09:30:06,1394,India,Asia/Kolkata,5b501e4,K,6. Marital status,Married
'00050',y,07-08-2020,09:30:07,1562,India,Asia/Kolkata,5b501e4,K,7. Employment status,Employed (full-time)
'00050',y,07-08-2020,09:30:07,1653,India,Asia/Kolkata,5b501e4,K,8. Gross annual household income (US dollars),"< $15,000"
'00051',y,07-08-2020,09:30:06,730,United States,America/New_York,5b501e4,A,1. Gender,Male
'00051',y,07-08-2020,09:30:06,914,United States,America/New_York,5b501e4,A,2a. Age (years),74
'00051',y,07-08-2020,NA,NA,United States,America/New_York,5b501e4,A,2b. Age (months),NA
'00051',y,07-08-2020,09:30:07,1114,United States,America/New_York,5b501e4,A,3a. Height (cm),197
'00051',y,07-08-2020,NA,NA,United States,America/New_York,5b501e4,A,3b. Height (feet),NA
'00051',y,07-08-2020,NA,NA,United States,America/New_York,5b501e4,A,3c. Height (inches),NA
'00051',y,07-08-2020,09:30:07,1377,United States,America/New_York,5b501e4,A,4a Weight(kg),133
'00051',y,07-08-2020,NA,NA,United States,America/New_York,5b501e4,A,4b Weight (lbs),NA
'00051',y,07-08-2020,09:30:07,1713,United States,America/New_York,5b501e4,A,5. Education level,Primary
'00051',y,07-08-2020,09:30:07,1787,United States,America/New_York,5b501e4,A,6. Marital status,Married
'00051',y,07-08-2020,09:30:07,1863,United States,America/New_York,5b501e4,A,7. Employment status,Employed (full-time)
'00051',y,07-08-2020,09:30:07,1946,United States,America/New_York,5b501e4,A,8. Gross annual household income (US dollars),"< $15,000"
